{
  "eval_loss": 0.40633973479270935,
  "eval_accuracy": 0.822,
  "eval_f1": 0.8314393939393939,
  "eval_precision": 0.772887323943662,
  "eval_recall": 0.8995901639344263
}