{
  "eval_loss": 0.4052788019180298,
  "eval_accuracy": 0.833,
  "eval_f1": 0.8443616029822927,
  "eval_precision": 0.7743589743589744,
  "eval_recall": 0.9282786885245902
}