{
  "eval_loss": 0.3902571499347687,
  "eval_accuracy": 0.823,
  "eval_f1": 0.8312678741658722,
  "eval_precision": 0.7771836007130125,
  "eval_recall": 0.8934426229508197
}