{
  "eval_loss": 0.39653417468070984,
  "eval_accuracy": 0.825,
  "eval_f1": 0.8338081671415005,
  "eval_precision": 0.7769911504424779,
  "eval_recall": 0.8995901639344263
}